Automotive, Auto Body Styles
Automotive, Auto Type
Automotive, Car Culture
Automotive, Dash Cam Videos
Automotive, Motorcycles
Automotive, Road-Side Assistance
Automotive, Scooters
Automotive, Auto Buying and Selling
Automotive, Auto Insurance
Automotive, Auto Parts
Automotive, Auto Recalls
Automotive, Auto Repair
Automotive, Auto Safety
Automotive, Auto Shows
Automotive, Auto Technology
Automotive, Auto Rentals
Books and Literature, Art and Photography
Books and Literature, Comics and Graphic Novels
Books and Literature, Fiction
Books and Literature, Poetry
Business and Finance, Business
Business and Finance, Economy
Business and Finance, Industries
Careers, Apprenticeships
Careers, Career Advice
Careers, Career Planning
Careers, Job Search
Careers, Remote Working
Careers, Vocational Training
Education, Adult Education
Education, Private School
Education, Secondary Education
Education, Special Education
Education, College Education
Education, Early Childhood Education
Education, Educational Assessment
Education, Homeschooling
Education, Homework and Study
Education, Language Learning
Education, Online Education
Education, Primary Education
Events, Awards Shows
Events, Business Expos & Conferences
Events, Fan Conventions
Holidays, National & Civic Holidays
Attractions, Amusement and Theme Parks
Attractions, Historic Site and Landmark Tours
Attractions, Malls & Shopping Centers
Attractions, Museums & Galleries
Attractions, Nightclubs
Attractions, Outdoor Activities
Attractions, Parks & Nature
Attractions, Theater Venues
Attractions, Zoos & Aquariums
Attractions, Bars & Restaurants
Attractions, Casinos & Gambling
Shopping, Party Supplies and Decorations
Personal Celebrations & Life Events, Anniversary
Personal Celebrations & Life Events, Wedding
Personal Celebrations & Life Events, Baby Shower
Personal Celebrations & Life Events, Bachelor Party
Personal Celebrations & Life Events, Bachelorette Party
Personal Celebrations & Life Events, Birth
Personal Celebrations & Life Events, Birthday
Personal Celebrations & Life Events, Funeral
Personal Celebrations & Life Events, Graduation
Personal Celebrations & Life Events, Prom
Family and Relationships, Bereavement
Family and Relationships, Dating
Family and Relationships, Divorce
Family and Relationships, Eldercare
Family and Relationships, Marriage and Civil Unions
Family and Relationships, Parenting
Family and Relationships, Single Life
Fine Art, Costume
Fine Art, Dance
Fine Art, Design
Fine Art, Digital Arts
Fine Art, Fine Art Photography
Fine Art, Modern Art
Fine Art, Opera
Fine Art, Theater
Food & Drink, Alcoholic Beverages
Food & Drink, Vegan Diets
Food & Drink, Vegetarian Diets
Food & Drink, World Cuisines
Food & Drink, Barbecues and Grilling
Food & Drink, Cooking
Food & Drink, Desserts and Baking
Food & Drink, Dining Out
Food & Drink, Food Allergies
Food & Drink, Food Movements
Food & Drink, Healthy Cooking and Eating
Food & Drink, Non-Alcoholic Beverages
Healthy Living, Children's Health
Healthy Living, Fitness and Exercise
Healthy Living, Men's Health
Healthy Living, Nutrition
Healthy Living, Senior Health
Healthy Living, Weight Loss
Healthy Living, Wellness
Healthy Living, Women's Health
Hobbies & Interests, Antiquing and Antiques
Hobbies & Interests, Magic and Illusion
Hobbies & Interests, Model Toys
Hobbies & Interests, Musical Instruments
Hobbies & Interests, Paranormal Phenomena
Hobbies & Interests, Radio Control
Hobbies & Interests, Sci-fi and Fantasy
Hobbies & Interests, Workshops and Classes
Hobbies & Interests, Arts and Crafts
Hobbies & Interests, Beekeeping
Hobbies & Interests, Birdwatching
Hobbies & Interests, Cigars
Hobbies & Interests, Collecting
Hobbies & Interests, Content Production
Hobbies & Interests, Games and Puzzles
Hobbies & Interests, Genealogy and Ancestry
Home & Garden, Gardening
Home & Garden, Remodeling & Construction
Home & Garden, Smart Home
Home & Garden, Home Appliances
Home & Garden, Home Entertaining
Home & Garden, Home Improvement
Home & Garden, Home Security
Home & Garden, Indoor Environmental Quality
Home & Garden, Interior Decorating
Home & Garden, Landscaping
Home & Garden, Outdoor Decorating
Medical Health, Diseases and Conditions
Nose and Throat Conditions", Medical Health
Medical Health, Medical Tests
Medical Health, Pharmaceutical Drugs
Medical Health, Surgery
Medical Health, Vaccines
Medical Health, Cosmetic Medical Services
Entertainment, Movies
Music, Adult Contemporary Music
Music, Adult Album Alternative
Music, Alternative Music
Music, Children's Music
Music, Classic Hits
Music, Classical Music
Music, College Radio
Music, Comedy (Music and Audio)
Music, Contemporary Hits/Pop/Top 40
Music, Country Music
Music, Dance and Electronic Music
Music, World/International Music
Music, Songwriters/Folk
Music, Gospel Music
Music, Hip Hop Music
Music, Inspirational/New Age Music
Music, Jazz
Music, Oldies/Adult Standards
Music, Reggae
Music, Blues
Music, Religious (Music and Audio)
Music, R&B/Soul/Funk
Music, Rock Music
TV and Showtunes", Music
Music and Audio, Urban Contemporary Music
Music and Audio, Variety (Music and Audio)
Crime
Disasters
Law
Politics, Elections
Politics, Political Issues & policy
Politics
War and Conflicts
Personal Finance, Consumer Banking
Personal Finance, Financial Assistance
Personal Finance, Financial Planning
Personal Finance, Frugal Living
Personal Finance, Insurance
Personal Finance, Personal Debt
Personal Finance, Personal Investing
Personal Finance, Personal Taxes
Personal Finance, Retirement Planning
Personal Finance, Home Utilities
Pets, Birds
Pets, Cats
Pets, Dogs
Pets, Fish and Aquariums
Pets, Large Animals
Pets, Pet Adoptions
Pets, Reptiles
Pets, Veterinary Medicine
Pets, Pet Supplies
Pop Culture, Celebrity Deaths
Pop Culture, Celebrity Families
Pop Culture, Celebrity Homes
Pop Culture, Celebrity Pregnancy
Pop Culture, Celebrity Relationships
Pop Culture, Celebrity Scandal
Pop Culture, Celebrity Style
Pop Culture, Humor and Satire
Real Estate, Apartments
Real Estate, Retail Property
Real Estate, Vacation Properties
Real Estate, Developmental Sites
Real Estate, Hotel Properties
Real Estate, Houses
Real Estate, Industrial Property
Real Estate, Land and Farms
Real Estate, Office Property
Real Estate, Real Estate Buying and Selling
Real Estate, Real Estate Renting and Leasing
Religion & Spirituality, Agnosticism
Religion & Spirituality, Spirituality
Religion & Spirituality, Astrology
Religion & Spirituality, Atheism
Religion & Spirituality, Buddhism
Religion & Spirituality, Christianity
Religion & Spirituality, Hinduism
Religion & Spirituality, Islam
Religion & Spirituality, Judaism
Religion & Spirituality, Sikhism
Science, Biological Sciences
Science, Chemistry
Science, Environment
Science, Genetics
Science, Geography
Science, Geology
Science, Physics
Science, Space and Astronomy
Science, Weather
Shopping, Coupons and Discounts
Shopping, Flower Shopping
Shopping, Gifts and Greetings Cards
Shopping, Grocery Shopping
Shopping, Holiday Shopping
Shopping, Household Supplies
Shopping, Lotteries and Scratchcards
Shopping, Sales and Promotions
Shopping, Children's Games and Toys
Sports, American Football
Sports, Boxing
Sports, Cheerleading
Sports, College Sports
Sports, Cricket
Sports, Cycling
Sports, Darts
Sports, Disabled Sports
Sports, Diving
Sports, Equine Sports
Sports, Extreme Sports
Sports, Australian Rules Football
Sports, Fantasy Sports
Sports, Field Hockey
Sports, Figure Skating
Sports, Fishing Sports
Sports, Golf
Sports, Gymnastics
Sports, Hunting and Shooting
Sports, Ice Hockey
Sports, Inline Skating
Sports, Lacrosse
Sports, Auto Racing
Sports, Martial Arts
Sports, Olympic Sports
Sports, Poker and Professional Gambling
Sports, Rodeo
Sports, Rowing
Sports, Rugby
Sports, Sailing
Sports, Skiing
Sports, Snooker/Pool/Billiards
Sports, Soccer
Sports, Badminton
Sports, Softball
Sports, Squash
Sports, Swimming
Sports, Table Tennis
Sports, Tennis
Sports, Track and Field
Sports, Volleyball
Sports, Walking
Sports, Water Polo
Sports, Weightlifting
Sports, Baseball
Sports, Wrestling
Sports, Basketball
Sports, Beach Volleyball
Sports, Bodybuilding
Sports, Bowling
Sports, Sports Equipment
Style & Fashion, Beauty
Style & Fashion, Women's Fashion
Style & Fashion, Body Art
Style & Fashion, Children's Clothing
Style & Fashion, Designer Clothing
Style & Fashion, Fashion Trends
Style & Fashion, High Fashion
Style & Fashion, Men's Fashion
Style & Fashion, Personal Care
Style & Fashion, Street Style
Technology & Computing, Artificial Intelligence
Technology & Computing, Augmented Reality
Technology & Computing, Computing
Technology & Computing, Consumer Electronics
Technology & Computing, Robotics
Technology & Computing, Virtual Reality
Genres, Animation & Anime
Genres, Soap Opera
Genres, Special Interest (Indie/Art House)
Genres, Family/Children
Genres, Comedy
Genres, Drama
Genres, Factual
Genres, Reality TV
Genres, Science Fiction
Genres, Action/Adventure
Genres, Romance
Genres, Mystery
Genres, Documentary
Genres, Horror
Genres, History
Genres, Lifestyle
Genres, Talk Show
Genres, True Crime
Genres, Western
Genres, Fantasy
Genres, Musical
Genres, Holiday
Genres, Sports Radio
Genres, Talk Radio
Genres, Biographies
Genres, Young Adult
Genres, Music Video
Travel, Travel Accessories
Travel, Travel Locations
Travel, Travel Preparation and Advice
Travel, Travel Type
Video Gaming, Console Games
Video Gaming, eSports
Video Gaming, Mobile Games
Video Gaming, PC Games
Video Gaming, Video Game Genres
Sensitive Topics
Injury, or Military Conflict
